,Name,Prabhag,SeatDesignation,Party,Election_type,Round,Votes
0,Abhijit Jagtap,prabhag 1,,SS-UBT,Nagaradhyaksha,1,24
1,Abhijit Jagtap,prabhag 2,,SS-UBT,Nagaradhyaksha,1,16
2,Abhijit Jagtap,prabhag 3,,SS-UBT,Nagaradhyaksha,1,13
3,Abhijit Jagtap,prabhag 4,,SS-UBT,Nagaradhyaksha,1,6
4,Abhijit Jagtap,prabhag 5,,SS-UBT,Nagaradhyaksha,1,7
5,Abhijit Jagtap,prabhag 6,,SS-UBT,Nagaradhyaksha,1,26
6,Abhijit Jagtap,prabhag 7,,SS-UBT,Nagaradhyaksha,1,25
7,Abhijit Jagtap,prabhag 8,,SS-UBT,Nagaradhyaksha,1,18
8,Abhijit Jagtap,prabhag 9,,SS-UBT,Nagaradhyaksha,1,22
9,Abhijit Jagtap,prabhag 10,,SS-UBT,Nagaradhyaksha,1,45
10,Abhijit Jagtap,prabhag 11,,SS-UBT,Nagaradhyaksha,1,35
11,Abhijit Jagtap,prabhag 1,,SS-UBT,Nagaradhyaksha,2,22
12,Abhijit Jagtap,prabhag 2,,SS-UBT,Nagaradhyaksha,2,19
13,Abhijit Jagtap,prabhag 3,,SS-UBT,Nagaradhyaksha,2,11
14,Abhijit Jagtap,prabhag 4,,SS-UBT,Nagaradhyaksha,2,3
15,Abhijit Jagtap,prabhag 5,,SS-UBT,Nagaradhyaksha,2,7
16,Abhijit Jagtap,prabhag 6,,SS-UBT,Nagaradhyaksha,2,23
17,Abhijit Jagtap,prabhag 7,,SS-UBT,Nagaradhyaksha,2,19
18,Abhijit Jagtap,prabhag 8,,SS-UBT,Nagaradhyaksha,2,11
19,Abhijit Jagtap,prabhag 9,,SS-UBT,Nagaradhyaksha,2,22
20,Abhijit Jagtap,prabhag 10,,SS-UBT,Nagaradhyaksha,2,41
21,Abhijit Jagtap,prabhag 11,,SS-UBT,Nagaradhyaksha,2,17
22,Abhijit Jagtap,prabhag 1,,SS-UBT,Nagaradhyaksha,3,29
23,Abhijit Jagtap,prabhag 2,,SS-UBT,Nagaradhyaksha,3,
24,Abhijit Jagtap,prabhag 3,,SS-UBT,Nagaradhyaksha,3,6
25,Abhijit Jagtap,prabhag 4,,SS-UBT,Nagaradhyaksha,3,9
26,Abhijit Jagtap,prabhag 5,,SS-UBT,Nagaradhyaksha,3,8
27,Abhijit Jagtap,prabhag 6,,SS-UBT,Nagaradhyaksha,3,21
28,Abhijit Jagtap,prabhag 7,,SS-UBT,Nagaradhyaksha,3,18
29,Abhijit Jagtap,prabhag 8,,SS-UBT,Nagaradhyaksha,3,17
30,Abhijit Jagtap,prabhag 9,,SS-UBT,Nagaradhyaksha,3,
31,Abhijit Jagtap,prabhag 10,,SS-UBT,Nagaradhyaksha,3,42
32,Abhijit Jagtap,prabhag 11,,SS-UBT,Nagaradhyaksha,3,24
33,Abhijit Jagtap,prabhag 1,,SS-UBT,Nagaradhyaksha,4,
34,Abhijit Jagtap,prabhag 2,,SS-UBT,Nagaradhyaksha,4,
35,Abhijit Jagtap,prabhag 3,,SS-UBT,Nagaradhyaksha,4,
36,Abhijit Jagtap,prabhag 4,,SS-UBT,Nagaradhyaksha,4,7
37,Abhijit Jagtap,prabhag 5,,SS-UBT,Nagaradhyaksha,4,15
38,Abhijit Jagtap,prabhag 6,,SS-UBT,Nagaradhyaksha,4,26
39,Abhijit Jagtap,prabhag 7,,SS-UBT,Nagaradhyaksha,4,10
40,Abhijit Jagtap,prabhag 8,,SS-UBT,Nagaradhyaksha,4,
41,Abhijit Jagtap,prabhag 9,,SS-UBT,Nagaradhyaksha,4,
42,Abhijit Jagtap,prabhag 10,,SS-UBT,Nagaradhyaksha,4,
43,Abhijit Jagtap,prabhag 11,,SS-UBT,Nagaradhyaksha,4,18
44,Anandikaki Jagtap,prabhag 1,,BJP,Nagaradhyaksha,1,337
45,Anandikaki Jagtap,prabhag 2,,BJP,Nagaradhyaksha,1,341
46,Anandikaki Jagtap,prabhag 3,,BJP,Nagaradhyaksha,1,349
47,Anandikaki Jagtap,prabhag 4,,BJP,Nagaradhyaksha,1,775
48,Anandikaki Jagtap,prabhag 5,,BJP,Nagaradhyaksha,1,334
49,Anandikaki Jagtap,prabhag 6,,BJP,Nagaradhyaksha,1,344
50,Anandikaki Jagtap,prabhag 7,,BJP,Nagaradhyaksha,1,334
51,Anandikaki Jagtap,prabhag 8,,BJP,Nagaradhyaksha,1,282
52,Anandikaki Jagtap,prabhag 9,,BJP,Nagaradhyaksha,1,340
53,Anandikaki Jagtap,prabhag 10,,BJP,Nagaradhyaksha,1,317
54,Anandikaki Jagtap,prabhag 11,,BJP,Nagaradhyaksha,1,429
55,Anandikaki Jagtap,prabhag 1,,BJP,Nagaradhyaksha,2,314
56,Anandikaki Jagtap,prabhag 2,,BJP,Nagaradhyaksha,2,317
57,Anandikaki Jagtap,prabhag 3,,BJP,Nagaradhyaksha,2,257
58,Anandikaki Jagtap,prabhag 4,,BJP,Nagaradhyaksha,2,220
59,Anandikaki Jagtap,prabhag 5,,BJP,Nagaradhyaksha,2,264
60,Anandikaki Jagtap,prabhag 6,,BJP,Nagaradhyaksha,2,321
61,Anandikaki Jagtap,prabhag 7,,BJP,Nagaradhyaksha,2,301
62,Anandikaki Jagtap,prabhag 8,,BJP,Nagaradhyaksha,2,224
63,Anandikaki Jagtap,prabhag 9,,BJP,Nagaradhyaksha,2,350
64,Anandikaki Jagtap,prabhag 10,,BJP,Nagaradhyaksha,2,295
65,Anandikaki Jagtap,prabhag 11,,BJP,Nagaradhyaksha,2,360
66,Anandikaki Jagtap,prabhag 1,,BJP,Nagaradhyaksha,3,324
67,Anandikaki Jagtap,prabhag 2,,BJP,Nagaradhyaksha,3,
68,Anandikaki Jagtap,prabhag 3,,BJP,Nagaradhyaksha,3,324
69,Anandikaki Jagtap,prabhag 4,,BJP,Nagaradhyaksha,3,276
70,Anandikaki Jagtap,prabhag 5,,BJP,Nagaradhyaksha,3,223
71,Anandikaki Jagtap,prabhag 6,,BJP,Nagaradhyaksha,3,349
72,Anandikaki Jagtap,prabhag 7,,BJP,Nagaradhyaksha,3,319
73,Anandikaki Jagtap,prabhag 8,,BJP,Nagaradhyaksha,3,219
74,Anandikaki Jagtap,prabhag 9,,BJP,Nagaradhyaksha,3,
75,Anandikaki Jagtap,prabhag 10,,BJP,Nagaradhyaksha,3,343
76,Anandikaki Jagtap,prabhag 11,,BJP,Nagaradhyaksha,3,327
77,Anandikaki Jagtap,prabhag 1,,BJP,Nagaradhyaksha,4,
78,Anandikaki Jagtap,prabhag 2,,BJP,Nagaradhyaksha,4,
79,Anandikaki Jagtap,prabhag 3,,BJP,Nagaradhyaksha,4,
80,Anandikaki Jagtap,prabhag 4,,BJP,Nagaradhyaksha,4,204
81,Anandikaki Jagtap,prabhag 5,,BJP,Nagaradhyaksha,4,260
82,Anandikaki Jagtap,prabhag 6,,BJP,Nagaradhyaksha,4,413
83,Anandikaki Jagtap,prabhag 7,,BJP,Nagaradhyaksha,4,261
84,Anandikaki Jagtap,prabhag 8,,BJP,Nagaradhyaksha,4,
85,Anandikaki Jagtap,prabhag 9,,BJP,Nagaradhyaksha,4,
86,Anandikaki Jagtap,prabhag 10,,BJP,Nagaradhyaksha,4,
87,Anandikaki Jagtap,prabhag 11,,BJP,Nagaradhyaksha,4,115
88,Nikita Dhotre,prabhag 1,,,Nagaradhyaksha,1,4
89,Nikita Dhotre,prabhag 2,,,Nagaradhyaksha,1,3
90,Nikita Dhotre,prabhag 3,,,Nagaradhyaksha,1,4
91,Nikita Dhotre,prabhag 4,,,Nagaradhyaksha,1,1
92,Nikita Dhotre,prabhag 5,,,Nagaradhyaksha,1,2
93,Nikita Dhotre,prabhag 6,,,Nagaradhyaksha,1,0
94,Nikita Dhotre,prabhag 7,,,Nagaradhyaksha,1,0
95,Nikita Dhotre,prabhag 8,,,Nagaradhyaksha,1,8
96,Nikita Dhotre,prabhag 9,,,Nagaradhyaksha,1,1
97,Nikita Dhotre,prabhag 10,,,Nagaradhyaksha,1,3
98,Nikita Dhotre,prabhag 11,,,Nagaradhyaksha,1,5
99,Nikita Dhotre,prabhag 1,,,Nagaradhyaksha,2,4
100,Nikita Dhotre,prabhag 2,,,Nagaradhyaksha,2,4
101,Nikita Dhotre,prabhag 3,,,Nagaradhyaksha,2,7
102,Nikita Dhotre,prabhag 4,,,Nagaradhyaksha,2,4
103,Nikita Dhotre,prabhag 5,,,Nagaradhyaksha,2,1
104,Nikita Dhotre,prabhag 6,,,Nagaradhyaksha,2,1
105,Nikita Dhotre,prabhag 7,,,Nagaradhyaksha,2,0
106,Nikita Dhotre,prabhag 8,,,Nagaradhyaksha,2,1
107,Nikita Dhotre,prabhag 9,,,Nagaradhyaksha,2,3
108,Nikita Dhotre,prabhag 10,,,Nagaradhyaksha,2,1
109,Nikita Dhotre,prabhag 11,,,Nagaradhyaksha,2,0
110,Nikita Dhotre,prabhag 1,,,Nagaradhyaksha,3,2
111,Nikita Dhotre,prabhag 2,,,Nagaradhyaksha,3,
112,Nikita Dhotre,prabhag 3,,,Nagaradhyaksha,3,4
113,Nikita Dhotre,prabhag 4,,,Nagaradhyaksha,3,7
114,Nikita Dhotre,prabhag 5,,,Nagaradhyaksha,3,5
115,Nikita Dhotre,prabhag 6,,,Nagaradhyaksha,3,1
116,Nikita Dhotre,prabhag 7,,,Nagaradhyaksha,3,3
117,Nikita Dhotre,prabhag 8,,,Nagaradhyaksha,3,7
118,Nikita Dhotre,prabhag 9,,,Nagaradhyaksha,3,
119,Nikita Dhotre,prabhag 10,,,Nagaradhyaksha,3,2
120,Nikita Dhotre,prabhag 11,,,Nagaradhyaksha,3,3
121,Nikita Dhotre,prabhag 1,,,Nagaradhyaksha,4,
122,Nikita Dhotre,prabhag 2,,,Nagaradhyaksha,4,
123,Nikita Dhotre,prabhag 3,,,Nagaradhyaksha,4,
124,Nikita Dhotre,prabhag 4,,,Nagaradhyaksha,4,0
125,Nikita Dhotre,prabhag 5,,,Nagaradhyaksha,4,3
126,Nikita Dhotre,prabhag 6,,,Nagaradhyaksha,4,1
127,Nikita Dhotre,prabhag 7,,,Nagaradhyaksha,4,2
128,Nikita Dhotre,prabhag 8,,,Nagaradhyaksha,4,
129,Nikita Dhotre,prabhag 9,,,Nagaradhyaksha,4,
130,Nikita Dhotre,prabhag 10,,,Nagaradhyaksha,4,
131,Nikita Dhotre,prabhag 11,,,Nagaradhyaksha,4,1
132,Sachin Bhongale,prabhag 1,,SS,Nagaradhyaksha,1,334
133,Sachin Bhongale,prabhag 2,,SS,Nagaradhyaksha,1,333
134,Sachin Bhongale,prabhag 3,,SS,Nagaradhyaksha,1,284
135,Sachin Bhongale,prabhag 4,,SS,Nagaradhyaksha,1,39
136,Sachin Bhongale,prabhag 5,,SS,Nagaradhyaksha,1,362
137,Sachin Bhongale,prabhag 6,,SS,Nagaradhyaksha,1,147
138,Sachin Bhongale,prabhag 7,,SS,Nagaradhyaksha,1,253
139,Sachin Bhongale,prabhag 8,,SS,Nagaradhyaksha,1,322
140,Sachin Bhongale,prabhag 9,,SS,Nagaradhyaksha,1,286
141,Sachin Bhongale,prabhag 10,,SS,Nagaradhyaksha,1,257
142,Sachin Bhongale,prabhag 11,,SS,Nagaradhyaksha,1,182
143,Sachin Bhongale,prabhag 1,,SS,Nagaradhyaksha,2,386
144,Sachin Bhongale,prabhag 2,,SS,Nagaradhyaksha,2,333
145,Sachin Bhongale,prabhag 3,,SS,Nagaradhyaksha,2,180
146,Sachin Bhongale,prabhag 4,,SS,Nagaradhyaksha,2,287
147,Sachin Bhongale,prabhag 5,,SS,Nagaradhyaksha,2,490
148,Sachin Bhongale,prabhag 6,,SS,Nagaradhyaksha,2,163
149,Sachin Bhongale,prabhag 7,,SS,Nagaradhyaksha,2,351
150,Sachin Bhongale,prabhag 8,,SS,Nagaradhyaksha,2,348
151,Sachin Bhongale,prabhag 9,,SS,Nagaradhyaksha,2,256
152,Sachin Bhongale,prabhag 10,,SS,Nagaradhyaksha,2,304
153,Sachin Bhongale,prabhag 11,,SS,Nagaradhyaksha,2,181
154,Sachin Bhongale,prabhag 1,,SS,Nagaradhyaksha,3,411
155,Sachin Bhongale,prabhag 2,,SS,Nagaradhyaksha,3,
156,Sachin Bhongale,prabhag 3,,SS,Nagaradhyaksha,3,243
157,Sachin Bhongale,prabhag 4,,SS,Nagaradhyaksha,3,295
158,Sachin Bhongale,prabhag 5,,SS,Nagaradhyaksha,3,523
159,Sachin Bhongale,prabhag 6,,SS,Nagaradhyaksha,3,153
160,Sachin Bhongale,prabhag 7,,SS,Nagaradhyaksha,3,334
161,Sachin Bhongale,prabhag 8,,SS,Nagaradhyaksha,3,316
162,Sachin Bhongale,prabhag 9,,SS,Nagaradhyaksha,3,
163,Sachin Bhongale,prabhag 10,,SS,Nagaradhyaksha,3,237
164,Sachin Bhongale,prabhag 11,,SS,Nagaradhyaksha,3,272
165,Sachin Bhongale,prabhag 1,,SS,Nagaradhyaksha,4,
166,Sachin Bhongale,prabhag 2,,SS,Nagaradhyaksha,4,
167,Sachin Bhongale,prabhag 3,,SS,Nagaradhyaksha,4,
168,Sachin Bhongale,prabhag 4,,SS,Nagaradhyaksha,4,278
169,Sachin Bhongale,prabhag 5,,SS,Nagaradhyaksha,4,449
170,Sachin Bhongale,prabhag 6,,SS,Nagaradhyaksha,4,134
171,Sachin Bhongale,prabhag 7,,SS,Nagaradhyaksha,4,249
172,Sachin Bhongale,prabhag 8,,SS,Nagaradhyaksha,4,
173,Sachin Bhongale,prabhag 9,,SS,Nagaradhyaksha,4,
174,Sachin Bhongale,prabhag 10,,SS,Nagaradhyaksha,4,
175,Sachin Bhongale,prabhag 11,,SS,Nagaradhyaksha,4,299
176,Nota,prabhag 1,,Nota,Nagaradhyaksha,1,3
177,Nota,prabhag 2,,Nota,Nagaradhyaksha,1,4
178,Nota,prabhag 3,,Nota,Nagaradhyaksha,1,6
179,Nota,prabhag 4,,Nota,Nagaradhyaksha,1,1
180,Nota,prabhag 5,,Nota,Nagaradhyaksha,1,2
181,Nota,prabhag 6,,Nota,Nagaradhyaksha,1,7
182,Nota,prabhag 7,,Nota,Nagaradhyaksha,1,4
183,Nota,prabhag 8,,Nota,Nagaradhyaksha,1,5
184,Nota,prabhag 9,,Nota,Nagaradhyaksha,1,3
185,Nota,prabhag 10,,Nota,Nagaradhyaksha,1,0
186,Nota,prabhag 11,,Nota,Nagaradhyaksha,1,9
187,Nota,prabhag 1,,Nota,Nagaradhyaksha,2,3
188,Nota,prabhag 2,,Nota,Nagaradhyaksha,2,9
189,Nota,prabhag 3,,Nota,Nagaradhyaksha,2,0
190,Nota,prabhag 4,,Nota,Nagaradhyaksha,2,3
191,Nota,prabhag 5,,Nota,Nagaradhyaksha,2,4
192,Nota,prabhag 6,,Nota,Nagaradhyaksha,2,5
193,Nota,prabhag 7,,Nota,Nagaradhyaksha,2,3
194,Nota,prabhag 8,,Nota,Nagaradhyaksha,2,4
195,Nota,prabhag 9,,Nota,Nagaradhyaksha,2,2
196,Nota,prabhag 10,,Nota,Nagaradhyaksha,2,6
197,Nota,prabhag 11,,Nota,Nagaradhyaksha,2,4
198,Nota,prabhag 1,,Nota,Nagaradhyaksha,3,2
199,Nota,prabhag 2,,Nota,Nagaradhyaksha,3,
200,Nota,prabhag 3,,Nota,Nagaradhyaksha,3,2
201,Nota,prabhag 4,,Nota,Nagaradhyaksha,3,9
202,Nota,prabhag 5,,Nota,Nagaradhyaksha,3,2
203,Nota,prabhag 6,,Nota,Nagaradhyaksha,3,3
204,Nota,prabhag 7,,Nota,Nagaradhyaksha,3,5
205,Nota,prabhag 8,,Nota,Nagaradhyaksha,3,9
206,Nota,prabhag 9,,Nota,Nagaradhyaksha,3,
207,Nota,prabhag 10,,Nota,Nagaradhyaksha,3,6
208,Nota,prabhag 11,,Nota,Nagaradhyaksha,3,2
209,Nota,prabhag 1,,Nota,Nagaradhyaksha,4,
210,Nota,prabhag 2,,Nota,Nagaradhyaksha,4,
211,Nota,prabhag 3,,Nota,Nagaradhyaksha,4,
212,Nota,prabhag 4,,Nota,Nagaradhyaksha,4,3
213,Nota,prabhag 5,,Nota,Nagaradhyaksha,4,2
214,Nota,prabhag 6,,Nota,Nagaradhyaksha,4,8
215,Nota,prabhag 7,,Nota,Nagaradhyaksha,4,4
216,Nota,prabhag 8,,Nota,Nagaradhyaksha,4,
217,Nota,prabhag 9,,Nota,Nagaradhyaksha,4,
218,Nota,prabhag 10,,Nota,Nagaradhyaksha,4,
219,Nota,prabhag 11,,Nota,Nagaradhyaksha,4,0
220,Madhuri Raut,prabhag 1,A,SS,Nagarsevak A,1,357
221,Madhuri Raut,prabhag 1,A,SS,Nagarsevak A,2,409
222,Madhuri Raut,prabhag 1,A,SS,Nagarsevak A,3,443
223,Sarika Hivarkar,prabhag 1,A,BJP,Nagarsevak A,1,335
224,Sarika Hivarkar,prabhag 1,A,BJP,Nagarsevak A,2,311
225,Sarika Hivarkar,prabhag 1,A,BJP,Nagarsevak A,3,311
226,Nota,prabhag 1,A,Nota,Nagarsevak A,1,10
227,Nota,prabhag 1,A,Nota,Nagarsevak A,2,9
228,Nota,prabhag 1,A,Nota,Nagarsevak A,3,14
229,Manoj Jagtap,prabhag 1,B,independent,Nagarsevak B,1,16
230,Manoj Jagtap,prabhag 1,B,independent,Nagarsevak B,2,7
231,Manoj Jagtap,prabhag 1,B,independent,Nagarsevak B,3,6
232,Manohar Jagtap,prabhag 1,B,BJP,Nagarsevak B,1,381
233,Manohar Jagtap,prabhag 1,B,BJP,Nagarsevak B,2,347
234,Manohar Jagtap,prabhag 1,B,BJP,Nagarsevak B,3,384
235,Shubham Jagtap,prabhag 1,B,SS,Nagarsevak B,1,298
236,Shubham Jagtap,prabhag 1,B,SS,Nagarsevak B,2,368
237,Shubham Jagtap,prabhag 1,B,SS,Nagarsevak B,3,368
238,Nota,prabhag 1,B,Nota,Nagarsevak B,1,7
239,Nota,prabhag 1,B,Nota,Nagarsevak B,2,7
240,Nota,prabhag 1,B,Nota,Nagarsevak B,3,10
241,Jyoti Girme,prabhag 2,A,SS,Nagarsevak A,1,295
242,Jyoti Girme,prabhag 2,A,SS,Nagarsevak A,2,308
243,Lina Wadhne,prabhag 2,A,BJP,Nagarsevak A,1,392
244,Lina Wadhne,prabhag 2,A,BJP,Nagarsevak A,2,362
245,Nota,prabhag 2,A,Nota,Nagarsevak A,1,10
246,Nota,prabhag 2,A,Nota,Nagarsevak A,2,12
247,Dinesh Bhintade,prabhag 2,B,BJP,Nagarsevak B,1,322
248,Dinesh Bhintade,prabhag 2,B,BJP,Nagarsevak B,2,291
249,Balasaheb Bhintade,prabhag 2,B,SS,Nagarsevak B,1,368
250,Balasaheb Bhintade,prabhag 2,B,SS,Nagarsevak B,2,387
251,Nota,prabhag 2,B,Nota,Nagarsevak B,1,7
252,Nota,prabhag 2,B,Nota,Nagarsevak B,2,4
253,Nanda Bhonde,prabhag 3,A,SS,Nagarsevak A,1,247
254,Nanda Bhonde,prabhag 3,A,SS,Nagarsevak A,2,162
255,Nanda Bhonde,prabhag 3,A,SS,Nagarsevak A,3,220
256,Shital Bhonde,prabhag 3,A,BJP,Nagarsevak A,1,390
257,Shital Bhonde,prabhag 3,A,BJP,Nagarsevak A,2,277
258,Shital Bhonde,prabhag 3,A,BJP,Nagarsevak A,3,346
259,Chaya Sakat,prabhag 3,A,SS-UBT,Nagarsevak A,1,15
260,Chaya Sakat,prabhag 3,A,SS-UBT,Nagarsevak A,2,7
261,Chaya Sakat,prabhag 3,A,SS-UBT,Nagarsevak A,3,9
262,Nota,prabhag 3,A,Nota,Nagarsevak A,1,4
263,Nota,prabhag 3,A,Nota,Nagarsevak A,2,9
264,Nota,prabhag 3,A,Nota,Nagarsevak A,3,4
265,Dnyaneshwar Jagtap,prabhag 3,B,BJP,Nagarsevak B,1,384
266,Dnyaneshwar Jagtap,prabhag 3,B,BJP,Nagarsevak B,2,306
267,Dnyaneshwar Jagtap,prabhag 3,B,BJP,Nagarsevak B,3,379
268,Rohit Bhonde,prabhag 3,B,independent,Nagarsevak B,1,6
269,Rohit Bhonde,prabhag 3,B,independent,Nagarsevak B,2,14
270,Rohit Bhonde,prabhag 3,B,independent,Nagarsevak B,3,6
271,Suraj Mane,prabhag 3,B,SS,Nagarsevak B,1,255
272,Suraj Mane,prabhag 3,B,SS,Nagarsevak B,2,127
273,Suraj Mane,prabhag 3,B,SS,Nagarsevak B,3,182
274,Nota,prabhag 3,B,Nota,Nagarsevak B,1,11
275,Nota,prabhag 3,B,Nota,Nagarsevak B,2,8
276,Nota,prabhag 3,B,Nota,Nagarsevak B,3,12
277,Anita Mane,prabhag 4,A,SS,Nagarsevak A,1,65
278,Anita Mane,prabhag 4,A,SS,Nagarsevak A,2,289
279,Anita Mane,prabhag 4,A,SS,Nagarsevak A,3,319
280,Anita Mane,prabhag 4,A,SS,Nagarsevak A,4,267
281,Sopan Ranpise,prabhag 4,A,BJP,Nagarsevak A,1,753
282,Sopan Ranpise,prabhag 4,A,BJP,Nagarsevak A,2,217
283,Sopan Ranpise,prabhag 4,A,BJP,Nagarsevak A,3,253
284,Sopan Ranpise,prabhag 4,A,BJP,Nagarsevak A,4,221
285,Nota,prabhag 4,A,Nota,Nagarsevak A,1,4
286,Nota,prabhag 4,A,Nota,Nagarsevak A,2,11
287,Nota,prabhag 4,A,Nota,Nagarsevak A,3,24
288,Nota,prabhag 4,A,Nota,Nagarsevak A,4,4
289,Amruta Mhetre,prabhag 5,A,independent,Nagarsevak A,1,31
290,Amruta Mhetre,prabhag 5,A,independent,Nagarsevak A,2,19
291,Amruta Mhetre,prabhag 5,A,independent,Nagarsevak A,3,37
292,Amruta Mhetre,prabhag 5,A,independent,Nagarsevak A,4,33
293,Monika Mhetre,prabhag 5,A,BJP,Nagarsevak A,1,370
294,Monika Mhetre,prabhag 5,A,BJP,Nagarsevak A,2,339
295,Monika Mhetre,prabhag 5,A,BJP,Nagarsevak A,3,278
296,Monika Mhetre,prabhag 5,A,BJP,Nagarsevak A,4,303
297,Ratna Mhetre,prabhag 5,A,SS,Nagarsevak A,1,297
298,Ratna Mhetre,prabhag 5,A,SS,Nagarsevak A,2,400
299,Ratna Mhetre,prabhag 5,A,SS,Nagarsevak A,3,438
300,Ratna Mhetre,prabhag 5,A,SS,Nagarsevak A,4,386
301,Nota,prabhag 5,A,Nota,Nagarsevak A,1,9
302,Nota,prabhag 5,A,Nota,Nagarsevak A,2,8
303,Nota,prabhag 5,A,Nota,Nagarsevak A,3,8
304,Nota,prabhag 5,A,Nota,Nagarsevak A,4,7
305,Mandar Girme,prabhag 5,B,SS,Nagarsevak B,1,341
306,Mandar Girme,prabhag 5,B,SS,Nagarsevak B,2,435
307,Mandar Girme,prabhag 5,B,SS,Nagarsevak B,3,473
308,Mandar Girme,prabhag 5,B,SS,Nagarsevak B,4,378
309,Mayur Choukhande,prabhag 5,B,BJP,Nagarsevak B,1,361
310,Mayur Choukhande,prabhag 5,B,BJP,Nagarsevak B,2,325
311,Mayur Choukhande,prabhag 5,B,BJP,Nagarsevak B,3,283
312,Mayur Choukhande,prabhag 5,B,BJP,Nagarsevak B,4,341
313,Nota,prabhag 5,B,Nota,Nagarsevak B,1,5
314,Nota,prabhag 5,B,Nota,Nagarsevak B,2,6
315,Nota,prabhag 5,B,Nota,Nagarsevak B,3,5
316,Nota,prabhag 5,B,Nota,Nagarsevak B,4,10
317,Archana Jagtap,prabhag 6,A,BJP,Nagarsevak A,1,393
318,Archana Jagtap,prabhag 6,A,BJP,Nagarsevak A,2,324
319,Archana Jagtap,prabhag 6,A,BJP,Nagarsevak A,3,344
320,Archana Jagtap,prabhag 6,A,BJP,Nagarsevak A,4,394
321,Sindhu jagtap,prabhag 6,A,SS,Nagarsevak A,1,121
322,Sindhu jagtap,prabhag 6,A,SS,Nagarsevak A,2,177
323,Sindhu jagtap,prabhag 6,A,SS,Nagarsevak A,3,177
324,Sindhu jagtap,prabhag 6,A,SS,Nagarsevak A,4,174
325,Nota,prabhag 6,A,Nota,Nagarsevak A,1,10
326,Nota,prabhag 6,A,Nota,Nagarsevak A,2,12
327,Nota,prabhag 6,A,Nota,Nagarsevak A,3,6
328,Nota,prabhag 6,A,Nota,Nagarsevak A,4,14
329,Abhijit G Jagtap,prabhag 6,B,SS,Nagarsevak B,1,104
330,Abhijit G Jagtap,prabhag 6,B,SS,Nagarsevak B,2,138
331,Abhijit G Jagtap,prabhag 6,B,SS,Nagarsevak B,3,190
332,Abhijit G Jagtap,prabhag 6,B,SS,Nagarsevak B,4,190
333,Rajan Jagtap,prabhag 6,B,BJP,Nagarsevak B,1,412
334,Rajan Jagtap,prabhag 6,B,BJP,Nagarsevak B,2,366
335,Rajan Jagtap,prabhag 6,B,BJP,Nagarsevak B,3,334
336,Rajan Jagtap,prabhag 6,B,BJP,Nagarsevak B,4,378
337,Nota,prabhag 6,B,Nota,Nagarsevak B,1,8
338,Nota,prabhag 6,B,Nota,Nagarsevak B,2,9
339,Nota,prabhag 6,B,Nota,Nagarsevak B,3,3
340,Nota,prabhag 6,B,Nota,Nagarsevak B,4,14
341,Smita Jagtap,prabhag 7,A,BJP,Nagarsevak A,1,378
342,Smita Jagtap,prabhag 7,A,BJP,Nagarsevak A,2,379
343,Smita Jagtap,prabhag 7,A,BJP,Nagarsevak A,3,394
344,Smita Jagtap,prabhag 7,A,BJP,Nagarsevak A,4,308
345,Vidya Tilekar,prabhag 7,A,SS,Nagarsevak A,1,233
346,Vidya Tilekar,prabhag 7,A,SS,Nagarsevak A,2,286
347,Vidya Tilekar,prabhag 7,A,SS,Nagarsevak A,3,271
348,Vidya Tilekar,prabhag 7,A,SS,Nagarsevak A,4,212
349,Nota,prabhag 7,A,Nota,Nagarsevak A,1,5
350,Nota,prabhag 7,A,Nota,Nagarsevak A,2,9
351,Nota,prabhag 7,A,Nota,Nagarsevak A,3,14
352,Nota,prabhag 7,A,Nota,Nagarsevak A,4,6
353,Vaibhav Takle,prabhag 7,B,SS,Nagarsevak B,1,296
354,Vaibhav Takle,prabhag 7,B,SS,Nagarsevak B,2,348
355,Vaibhav Takle,prabhag 7,B,SS,Nagarsevak B,3,318
356,Vaibhav Takle,prabhag 7,B,SS,Nagarsevak B,4,309
357,Pravin Pawar,prabhag 7,B,BJP,Nagarsevak B,1,318
358,Pravin Pawar,prabhag 7,B,BJP,Nagarsevak B,2,318
359,Pravin Pawar,prabhag 7,B,BJP,Nagarsevak B,3,348
360,Pravin Pawar,prabhag 7,B,BJP,Nagarsevak B,4,212
361,Nota,prabhag 7,B,Nota,Nagarsevak B,1,2
362,Nota,prabhag 7,B,Nota,Nagarsevak B,2,8
363,Nota,prabhag 7,B,Nota,Nagarsevak B,3,13
364,Nota,prabhag 7,B,Nota,Nagarsevak B,4,5
365,Pritam Mhetre,prabhag 8,A,SS,Nagarsevak A,1,281
366,Pritam Mhetre,prabhag 8,A,SS,Nagarsevak A,2,347
367,Pritam Mhetre,prabhag 8,A,SS,Nagarsevak A,3,344
368,Suhas Landge,prabhag 8,A,BJP,Nagarsevak A,1,348
369,Suhas Landge,prabhag 8,A,BJP,Nagarsevak A,2,234
370,Suhas Landge,prabhag 8,A,BJP,Nagarsevak A,3,215
371,Nota,prabhag 8,A,Nota,Nagarsevak A,1,6
372,Nota,prabhag 8,A,Nota,Nagarsevak A,2,7
373,Nota,prabhag 8,A,Nota,Nagarsevak A,3,9
374,Dipali Jagtap,prabhag 8,B,SS,Nagarsevak B,1,307
375,Dipali Jagtap,prabhag 8,B,SS,Nagarsevak B,2,308
376,Dipali Jagtap,prabhag 8,B,SS,Nagarsevak B,3,319
377,Sumali Raut,prabhag 8,B,BJP,Nagarsevak B,1,319
378,Sumali Raut,prabhag 8,B,BJP,Nagarsevak B,2,275
379,Sumali Raut,prabhag 8,B,BJP,Nagarsevak B,3,240
380,Nota,prabhag 8,B,Nota,Nagarsevak B,1,9
381,Nota,prabhag 8,B,Nota,Nagarsevak B,2,5
382,Nota,prabhag 8,B,Nota,Nagarsevak B,3,9
383,Mangesh Bhintade,prabhag 9,A,SS,Nagarsevak A,1,311
384,Mangesh Bhintade,prabhag 9,A,SS,Nagarsevak A,2,272
385,Pradip Raut,prabhag 9,A,BJP,Nagarsevak A,1,334
386,Pradip Raut,prabhag 9,A,BJP,Nagarsevak A,2,350
387,Nota,prabhag 9,A,Nota,Nagarsevak A,1,7
388,Nota,prabhag 9,A,Nota,Nagarsevak A,2,11
389,Priyanka Jagtap,prabhag 9,B,BJP,Nagarsevak B,1,476
390,Priyanka Jagtap,prabhag 9,B,BJP,Nagarsevak B,2,462
391,Asmita Ranpise,prabhag 9,B,SS,Nagarsevak B,1,161
392,Asmita Ranpise,prabhag 9,B,SS,Nagarsevak B,2,156
393,Chaya subhade,prabhag 9,B,independent,Nagarsevak B,1,5
394,Chaya subhade,prabhag 9,B,independent,Nagarsevak B,2,5
395,Nota,prabhag 9,B,Nota,Nagarsevak B,1,10
396,Nota,prabhag 9,B,Nota,Nagarsevak B,2,10
397,Dnyaneshwar Girme,prabhag 10,A,BJP,Nagarsevak A,1,309
398,Dnyaneshwar Girme,prabhag 10,A,BJP,Nagarsevak A,2,302
399,Dnyaneshwar Girme,prabhag 10,A,BJP,Nagarsevak A,3,325
400,Sunil Pawar,prabhag 10,A,SS,Nagarsevak A,1,297
401,Sunil Pawar,prabhag 10,A,SS,Nagarsevak A,2,329
402,Sunil Pawar,prabhag 10,A,SS,Nagarsevak A,3,283
403,Nota,prabhag 10,A,Nota,Nagarsevak A,1,16
404,Nota,prabhag 10,A,Nota,Nagarsevak A,2,16
405,Nota,prabhag 10,A,Nota,Nagarsevak A,3,22
406,Shilpa Jagtap,prabhag 10,B,SS,Nagarsevak B,1,300
407,Shilpa Jagtap,prabhag 10,B,SS,Nagarsevak B,2,364
408,Shilpa Jagtap,prabhag 10,B,SS,Nagarsevak B,3,290
409,Dipti Suryvanshi,prabhag 10,B,BJP,Nagarsevak B,1,309
410,Dipti Suryvanshi,prabhag 10,B,BJP,Nagarsevak B,2,273
411,Dipti Suryvanshi,prabhag 10,B,BJP,Nagarsevak B,3,326
412,Nota,prabhag 10,B,Nota,Nagarsevak B,1,13
413,Nota,prabhag 10,B,Nota,Nagarsevak B,2,10
414,Nota,prabhag 10,B,Nota,Nagarsevak B,3,14
415,Ajit Jagtap,prabhag 11,A,BJP,Nagarsevak A,1,523
416,Ajit Jagtap,prabhag 11,A,BJP,Nagarsevak A,2,453
417,Ajit Jagtap,prabhag 11,A,BJP,Nagarsevak A,3,465
418,Ajit Jagtap,prabhag 11,A,BJP,Nagarsevak A,4,225
419,Rajesh Dalvi,prabhag 11,A,SS,Nagarsevak A,1,125
420,Rajesh Dalvi,prabhag 11,A,SS,Nagarsevak A,2,105
421,Rajesh Dalvi,prabhag 11,A,SS,Nagarsevak A,3,151
422,Rajesh Dalvi,prabhag 11,A,SS,Nagarsevak A,4,205
423,Nota,prabhag 11,A,Nota,Nagarsevak A,1,12
424,Nota,prabhag 11,A,Nota,Nagarsevak A,2,4
425,Nota,prabhag 11,A,Nota,Nagarsevak A,3,12
426,Nota,prabhag 11,A,Nota,Nagarsevak A,4,3
